{"cameraMode":{"drawMode":0,"name":"Shaded","section":"Shading Mode"},"sceneLighting":true,"audioPlay":false,"sceneViewState":{"showFog":true,"showMaterialUpdate":false,"showSkybox":true,"showFlares":true,"showImageEffects":true,"showParticleSystems":true},"in2DMode":false,"pivot":{"x":-32.533023834228519,"y":4.233431339263916,"z":-46.5821418762207},"rotation":{"x":0.07938764989376068,"y":-0.19254283607006074,"z":0.01563018374145031,"w":0.9779471158981323},"size":21.92160987854004,"orthographic":true}