{"cameraMode":{"drawMode":0,"name":"Shaded","section":"Shading Mode"},"sceneLighting":true,"audioPlay":false,"sceneViewState":{"showFog":true,"showMaterialUpdate":false,"showSkybox":true,"showFlares":true,"showImageEffects":true,"showParticleSystems":true},"in2DMode":false,"pivot":{"x":-28.02660369873047,"y":3.3484957218170168,"z":-22.77135467529297},"rotation":{"x":-0.11438772827386856,"y":0.7136654853820801,"z":-0.11992733180522919,"w":-0.6805986762046814},"size":75.7603530883789,"orthographic":true}