{"cameraMode":{"drawMode":0,"name":"Shaded","section":"Shading Mode"},"sceneLighting":false,"audioPlay":false,"sceneViewState":{"showFog":true,"showMaterialUpdate":false,"showSkybox":true,"showFlares":true,"showImageEffects":true,"showParticleSystems":true},"in2DMode":false,"pivot":{"x":-11.050000190734864,"y":1.8400001525878907,"z":-61.560001373291019},"rotation":{"x":-0.5591510534286499,"y":0.008704815059900284,"z":-0.0058713071048259739,"w":-0.8289993405342102},"size":5.7157673835754398,"orthographic":false}